{
  "0": {"cam_K": [711.1112738715278, 0.0, 255.5, 0.0, 711.1112738715278, 255.5, 0.0, 0.0, 1.0], "cam_R_w2c": [0.6685261726379395, -0.7434542179107666, 0.018669724464416504, -0.5792034268379211, -0.5362473726272583, -0.6139724850654602, 0.46647199988365173, 0.3996431231498718, -0.7891066074371338], "cam_t_w2c": [6.459744453430176, 28.235076904296875, 792.2064819335938], "depth_scale": 1.0},
  "1": {"cam_K": [711.1112738715278, 0.0, 255.5, 0.0, 711.1112738715278, 255.5, 0.0, 0.0, 1.0], "cam_R_w2c": [0.9906612038612366, -0.07254090905189514, 0.11544765532016754, 0.0917300134897232, -0.27185365557670593, -0.9579569101333618, 0.10087591409683228, 0.9596007466316223, -0.2626606822013855], "cam_t_w2c": [-0.5058283805847168, 44.934715270996094, 965.0103149414062], "depth_scale": 1.0},
  "2": {"cam_K": [711.1112738715278, 0.0, 255.5, 0.0, 711.1112738715278, 255.5, 0.0, 0.0, 1.0], "cam_R_w2c": [0.6657698154449463, -0.7291203737258911, -0.1585373729467392, -0.7231773734092712, -0.5782079100608826, -0.37774336338043213, 0.18375281989574432, 0.366140753030777, -0.9122366905212402], "cam_t_w2c": [14.301885604858398, 17.28641700744629, 712.3898315429688], "depth_scale": 1.0},
  "3": {"cam_K": [711.1112738715278, 0.0, 255.5, 0.0, 711.1112738715278, 255.5, 0.0, 0.0, 1.0], "cam_R_w2c": [-0.7766362428665161, -0.6224569082260132, -0.096869096159935, -0.1498498171567917, 0.3319046199321747, -0.9313347339630127, 0.6118670701980591, -0.7087924480438232, -0.351044237613678], "cam_t_w2c": [4.738027095794678, 39.104331970214844, 972.7037353515625], "depth_scale": 1.0},
  "4": {"cam_K": [711.1112738715278, 0.0, 255.5, 0.0, 711.1112738715278, 255.5, 0.0, 0.0, 1.0], "cam_R_w2c": [0.7519575953483582, 0.6548521518707275, -0.0756864845752716, 0.6468241214752197, -0.7551014423370361, -0.10696020722389221, -0.1271940916776657, 0.03147369623184204, -0.9913784265518188], "cam_t_w2c": [2.6939969062805176, 12.06521224975586, 847.2471313476562], "depth_scale": 1.0},
  "5": {"cam_K": [711.1112738715278, 0.0, 255.5, 0.0, 711.1112738715278, 255.5, 0.0, 0.0, 1.0], "cam_R_w2c": [-0.6251675486564636, 0.7246456742286682, 0.28992095589637756, 0.6388236880302429, 0.6884926557540894, -0.3433396816253662, -0.4484080672264099, -0.02943643368780613, -0.8933441042900085], "cam_t_w2c": [-19.987899780273438, 14.00135326385498, 654.6661376953125], "depth_scale": 1.0},
  "6": {"cam_K": [711.1112738715278, 0.0, 255.5, 0.0, 711.1112738715278, 255.5, 0.0, 0.0, 1.0], "cam_R_w2c": [0.3090846538543701, -0.9373812675476074, -0.1605713814496994, -0.9442524909973145, -0.28234726190567017, -0.1693146824836731, 0.11337552964687347, 0.20395249128341675, -0.972393810749054], "cam_t_w2c": [14.112348556518555, 5.236819267272949, 651.0221557617188], "depth_scale": 1.0},
  "7": {"cam_K": [711.1112738715278, 0.0, 255.5, 0.0, 711.1112738715278, 255.5, 0.0, 0.0, 1.0], "cam_R_w2c": [-0.05663140490651131, -0.9955841302871704, 0.07486862689256668, -0.27461591362953186, -0.05656355619430542, -0.9598889946937561, 0.9598849415779114, -0.07491990178823471, -0.2702000141143799], "cam_t_w2c": [2.348625659942627, 42.17026901245117, 669.0073852539062], "depth_scale": 1.0},
  "8": {"cam_K": [711.1112738715278, 0.0, 255.5, 0.0, 711.1112738715278, 255.5, 0.0, 0.0, 1.0], "cam_R_w2c": [0.6233670115470886, -0.7375572323799133, 0.2596593499183655, -0.6810373663902283, -0.6752846837043762, -0.28315863013267517, 0.384189635515213, -0.00032597084646113217, -0.9232541918754578], "cam_t_w2c": [-4.565358638763428, 13.808517456054688, 1037.3560791015625], "depth_scale": 1.0},
  "9": {"cam_K": [711.1112738715278, 0.0, 255.5, 0.0, 711.1112738715278, 255.5, 0.0, 0.0, 1.0], "cam_R_w2c": [-0.3974156677722931, 0.6488077044487, -0.6489293575286865, 0.7195431590080261, -0.21854344010353088, -0.6591633558273315, -0.5694895386695862, -0.7288945913314819, -0.3799925148487091], "cam_t_w2c": [23.501737594604492, 33.91267013549805, 822.528564453125], "depth_scale": 1.0},
  "10": {"cam_K": [711.1112738715278, 0.0, 255.5, 0.0, 711.1112738715278, 255.5, 0.0, 0.0, 1.0], "cam_R_w2c": [0.1760535091161728, -0.9843136668205261, -0.01148292887955904, -0.9662635922431946, -0.17057396471500397, -0.19297505915164948, 0.1879892796278, 0.04506947845220566, -0.9811365604400635], "cam_t_w2c": [7.144277572631836, 5.535390853881836, 1223.640380859375], "depth_scale": 1.0},
  "11": {"cam_K": [711.1112738715278, 0.0, 255.5, 0.0, 711.1112738715278, 255.5, 0.0, 0.0, 1.0], "cam_R_w2c": [0.613880455493927, -0.7866128087043762, -0.0662655308842659, -0.7401604652404785, -0.5443753004074097, -0.3947380781173706, 0.2744326889514923, 0.29136914014816284, -0.9164010882377625], "cam_t_w2c": [10.289292335510254, 17.773250579833984, 1040.43212890625], "depth_scale": 1.0},
  "12": {"cam_K": [711.1112738715278, 0.0, 255.5, 0.0, 711.1112738715278, 255.5, 0.0, 0.0, 1.0], "cam_R_w2c": [-0.6964282989501953, -0.2847662568092346, -0.6587077379226685, 0.5635381937026978, 0.35129132866859436, -0.7476758360862732, 0.44431114196777344, -0.8919095396995544, -0.0841725692152977], "cam_t_w2c": [28.23641014099121, 33.80868148803711, 700.0714721679688], "depth_scale": 1.0},
  "13": {"cam_K": [711.1112738715278, 0.0, 255.5, 0.0, 711.1112738715278, 255.5, 0.0, 0.0, 1.0], "cam_R_w2c": [-0.7489399313926697, -0.6521880030632019, 0.11721787601709366, -0.6625597476959229, 0.7397619485855103, -0.11733239144086838, -0.010190554894506931, -0.1655387431383133, -0.9861508011817932], "cam_t_w2c": [-4.5575432777404785, -1.9920603036880493, 1177.2999267578125], "depth_scale": 1.0},
  "14": {"cam_K": [711.1112738715278, 0.0, 255.5, 0.0, 711.1112738715278, 255.5, 0.0, 0.0, 1.0], "cam_R_w2c": [-0.8555728197097778, -0.26649874448776245, 0.44381722807884216, -0.48803433775901794, 0.12925082445144653, -0.8632014989852905, 0.17267832159996033, -0.9551296830177307, -0.24064412713050842], "cam_t_w2c": [-21.949106216430664, 35.8166389465332, 766.5255126953125], "depth_scale": 1.0},
  "15": {"cam_K": [711.1112738715278, 0.0, 255.5, 0.0, 711.1112738715278, 255.5, 0.0, 0.0, 1.0], "cam_R_w2c": [-0.05160445347428322, -0.9621500968933105, -0.267590194940567, -0.1067391037940979, 0.27172601222991943, -0.9564371109008789, 0.9929471611976624, -0.020793916657567024, -0.11672142148017883], "cam_t_w2c": [17.513507843017578, 40.772762298583984, 791.540283203125], "depth_scale": 1.0},
  "16": {"cam_K": [711.1112738715278, 0.0, 255.5, 0.0, 711.1112738715278, 255.5, 0.0, 0.0, 1.0], "cam_R_w2c": [-0.2866162359714508, 0.9393557906150818, 0.18831360340118408, 0.7318935394287109, 0.34152403473854065, -0.5896552205085754, -0.6182096004486084, -0.031179217621684074, -0.7853947281837463], "cam_t_w2c": [-15.271041870117188, 27.506338119506836, 1143.3001708984375], "depth_scale": 1.0},
  "17": {"cam_K": [711.1112738715278, 0.0, 255.5, 0.0, 711.1112738715278, 255.5, 0.0, 0.0, 1.0], "cam_R_w2c": [-0.8302121162414551, 0.47344523668289185, -0.29427462816238403, 0.5547460317611694, 0.6497790813446045, -0.519657552242279, -0.05481588840484619, -0.5946736335754395, -0.8020963668823242], "cam_t_w2c": [6.809564590454102, 21.772846221923828, 680.990478515625], "depth_scale": 1.0},
  "18": {"cam_K": [711.1112738715278, 0.0, 255.5, 0.0, 711.1112738715278, 255.5, 0.0, 0.0, 1.0], "cam_R_w2c": [-0.68267422914505, -0.6763224005699158, -0.27666592597961426, -0.3136765956878662, 0.6131941676139832, -0.724982738494873, 0.6599719524383545, -0.40814337134361267, -0.6307583451271057], "cam_t_w2c": [13.516724586486816, 27.47937774658203, 943.9116821289062], "depth_scale": 1.0},
  "19": {"cam_K": [711.1112738715278, 0.0, 255.5, 0.0, 711.1112738715278, 255.5, 0.0, 0.0, 1.0], "cam_R_w2c": [0.7617784142494202, 0.48942506313323975, 0.42444878816604614, 0.607026219367981, -0.310383141040802, -0.731561005115509, -0.22630251944065094, 0.8149389028549194, -0.5335370302200317], "cam_t_w2c": [-18.683835983276367, 37.2236328125, 710.6776733398438], "depth_scale": 1.0},
  "20": {"cam_K": [711.1112738715278, 0.0, 255.5, 0.0, 711.1112738715278, 255.5, 0.0, 0.0, 1.0],