{
  "0": {"cam_K": [572.411363389757, 0.0, 325.2611083984375, 0.0, 573.5704328585578, 242.04899588216654, 0.0, 0.0, 1.0], "cam_R_w2c": [-0.8251994252204895, 0.5460644364356995, 0.14442883431911469, 0.09089670330286026, 0.38074538111686707, -0.9202014803886414, -0.5574799180030823, -0.7462215423583984, -0.36382636427879333], "cam_t_w2c": [-226.28805541992188, 172.4542236328125, 759.1939086914062], "depth_scale": 0.1},
  "1": {"cam_K": [572.411363389757, 0.0, 325.2611083984375, 0.0, 573.5704328585578, 242.04899588216654, 0.0, 0.0, 1.0], "cam_R_w2c": [0.680712103843689, 0.3727923333644867, 0.6306004524230957, 0.5950180888175964, 0.22074885666370392, -0.7728024125099182, -0.4272991716861725, 0.9012746214866638, -0.07155176252126694], "cam_t_w2c": [211.637451171875, 287.4028625488281, 789.5737915039062], "depth_scale": 0.1},
  "2": {"cam_K": [572.411363389757, 0.0, 325.2611083984375, 0.0, 573.5704328585578, 242.04899588216654, 0.0, 0.0, 1.0], "cam_R_w2c": [0.6189966797828674, 0.3821195065975189, 0.6861689686775208, 0.5928217768669128, 0.34575513005256653, -0.72733473777771, -0.5151752233505249, 0.8569936752319336, -0.012507500126957893], "cam_t_w2c": [192.13299560546875, 313.1512451171875, 1168.5416259765625], "depth_scale": 0.1},
  "3": {"cam_K": [572.411363389757, 0.0, 325.2611083984375, 0.0, 573.5704328585578, 242.04899588216654, 0.0, 0.0, 1.0], "cam_R_w2c": [-0.8953754305839539, 0.1460278034210205, 0.4206881821155548, -0.06353078782558441, 0.8931524753570557, -0.4452442526817322, -0.44075673818588257, -0.4253874719142914, -0.7904295325279236], "cam_t_w2c": [-243.00054931640625, 245.84249877929688, 493.1986083984375], "depth_scale": 0.1},
  "4": {"cam_K": [572.411363389757, 0.0, 325.2611083984375, 0.0, 573.5704328585578, 242.04899588216654, 0.0, 0.0, 1.0], "cam_R_w2c": [-0.7001363039016724, 0.15107546746730804, -0.6978434324264526, 0.7033677697181702, -0.022178534418344498, -0.7104801535606384, -0.12281322479248047, -0.9882734417915344, -0.09073368459939957], "cam_t_w2c": [-136.21389770507812, 305.9000549316406, 536.7572021484375], "depth_scale": 0.1},
  "5": {"cam_K": [572.411363389757, 0.0, 325.2611083984375, 0.0, 573.5704328585578, 242.04899588216654, 0.0, 0.0, 1.0], "cam_R_w2c": [-0.5643355846405029, 0.7623593807220459, -0.31675463914871216, 0.5959839224815369, 0.11072438210248947, -0.7953258752822876, -0.5712516903877258, -0.6376113891601562, -0.5168396830558777], "cam_t_w2c": [68.03033447265625, 262.7882385253906, 598.3102416992188], "depth_scale": 0.1},
  "6": {"cam_K": [572.411363389757, 0.0, 325.2611083984375, 0.0, 573.5704328585578, 242.04899588216654, 0.0, 0.0, 1.0], "cam_R_w2c": [-0.9937087893486023, 0.0778525248169899, 0.08051026612520218, -0.06771982461214066, 0.15488116443157196, -0.9856094121932983, -0.08920170366764069, -0.9848608374595642, -0.148634672164917], "cam_t_w2c": [-325.7881164550781, 102.92002868652344, 425.1585693359375], "depth_scale": 0.1},
  "7": {"cam_K": [572.411363389757, 0.0, 325.2611083984375, 0.0, 573.5704328585578, 242.04899588216654, 0.0, 0.0, 1.0], "cam_R_w2c": [-0.31434574723243713, 0.9156566262245178, 0.2505194842815399, 0.8687812685966492, 0.38384923338890076, -0.31285619735717773, -0.3826305568218231, 0.11930162459611893, -0.9161666631698608], "cam_t_w2c": [117.2665786743164, 355.76953125, 751.2799072265625], "depth_scale": 0.1},
  "8": {"cam_K": [572.411363389757, 0.0, 325.2611083984375, 0.0, 573.5704328585578, 242.04899588216654, 0.0, 0.0, 1.0], "cam_R_w2c": [-0.8762733340263367, -0.41653722524642944, 0.24216121435165405, -0.4770631194114685, 0.6796720027923584, -0.557186484336853, 0.06749868392944336, -0.6037737727165222, -0.7942930459976196], "cam_t_w2c": [-358.95147705078125, 94.2017593383789, 1299.3369140625], "depth_scale": 0.1},
  "9": {"cam_K": [572.411363389757, 0.0, 325.2611083984375, 0.0, 573.5704328585578, 242.04899588216654, 0.0, 0.0, 1.0], "cam_R_w2c": [-0.6074610352516174, 0.6648367643356323, 0.43472206592559814, 0.15120679140090942, 0.6340405941009521, -0.7583726048469543, -0.7798254489898682, -0.3949488401412964, -0.48568281531333923], "cam_t_w2c": [-173.79690551757812, 202.21728515625, 700.6419677734375], "depth_scale": 0.1},
  "10": {"cam_K": [572.411363389757, 0.0, 325.2611083984375, 0.0, 573.5704328585578, 242.04899588216654, 0.0, 0.0, 1.0], "cam_R_w2c": [-0.7488723993301392, 0.624951958656311, 0.22051139175891876, 0.3445473313331604, 0.6513906717300415, -0.6760009527206421, -0.5661072134971619, -0.4302618205547333, -0.7031340599060059], "cam_t_w2c": [-66.88317108154297, 317.2923583984375, 270.5691833496094], "depth_scale": 0.1},
  "11": {"cam_K": [572.411363389757, 0.0, 325.2611083984375, 0.0, 573.5704328585578, 242.04899588216654, 0.0, 0.0, 1.0], "cam_R_w2c": [0.486686646938324, -0.6485847234725952, 0.585212767124176, 0.1122906282544136, -0.617900013923645, -0.7781969904899597, 0.8663296103477478, 0.4444519877433777, -0.22789371013641357], "cam_t_w2c": [-86.71322631835938, -46.68211364746094, 1347.1229248046875], "depth_scale": 0.1},
  "12": {"cam_K": [572.411363389757, 0.0, 325.2611083984375, 0.0, 573.5704328585578, 242.04899588216654, 0.0, 0.0, 1.0], "cam_R_w2c": [0.05082445219159126, -0.7261734008789062, -0.6856304407119751, -0.24599376320838928, 0.6562639474868774, -0.7133054733276367, 0.9679380059242249, 0.20491419732570648, -0.1452798843383789], "cam_t_w2c": [-98.62024688720703, 165.02969360351562, 1210.57275390625], "depth_scale": 0.1},
  "13": {"cam_K": [572.411363389757, 0.0, 325.2611083984375, 0.0, 573.5704328585578, 242.04899588216654, 0.0, 0.0, 1.0], "cam_R_w2c": [-0.21269692480564117, 0.9751102328300476, -0.0626106709241867, 0.9740534424781799, 0.20652297139167786, -0.09256437420845032, -0.07732991874217987, -0.08067429065704346, -0.9937362670898438], "cam_t_w2c": [44.07415771484375, 351.840576171875, 721.039794921875], "depth_scale": 0.1},
  "14": {"cam_K": [572.411363389757, 0.0, 325.2611083984375, 0.0, 573.5704328585578, 242.04899588216654, 0.0, 0.0, 1.0], "cam_R_w2c": [-0.4409199059009552, 0.8965607285499573, 0.0420624203979969, 0.7497358918190002, 0.3936668932437897, -0.5319048762321472, -0.49344345927238464, -0.2029915452003479, -0.845759391784668], "cam_t_w2c": [99.09712982177734, 347.7378234863281, 572.1798706054688], "depth_scale": 0.1},
  "15": {"cam_K": [572.411363389757, 0.0, 325.2611083984375, 0.0, 573.5704328585578, 242.04899588216654, 0.0, 0.0, 1.0], "cam_R_w2c": [-0.7158253788948059, -0.48252755403518677, 0.5047387480735779, -0.5465884208679199, -0.06263501197099686, -0.8350557088851929, 0.4345516860485077, -0.873638391494751, -0.21890825033187866], "cam_t_w2c": [-342.7266540527344, -94.2896499633789, 910.3485717773438], "depth_scale": 0.1},
  "16": {"cam_K": [572.411363389757, 0.0, 325.2611083984375, 0.0, 573.5704328585578, 242.04899588216654, 0.0, 0.0, 1.0], "cam_R_w2c": [-0.5382400751113892, -0.8425325751304626, -0.02089083008468151, -0.6989016532897949, 0.4600617587566376, -0.5476126670837402, 0.4709925949573517, -0.2801464796066284, -0.8364710807800293], "cam_t_w2c": [-348.3042907714844, -19.729372024536133, 836.4006958007812], "depth_scale": 0.1},
  "17": {"cam_K": [572.411363389757, 0.0, 325.2611083984375, 0.0, 573.5704328585578, 242.04899588216654, 0.0, 0.0, 1.0], "cam_R_w2c": [-0.5282418727874756, 0.8396950960159302, 0.1259872317314148, 0.6115349531173706, 0.47917604446411133, -0.6296152472496033, -0.5890548825263977, -0.2555435001850128, -0.7666237354278564], "cam_t_w2c": [-94.81417083740234, 321.89849853515625, 504.2082214355469], "depth_scale": 0.1},
  "18": {"cam_K": [572.411363389757, 0.0, 325.2611083984375, 0.0, 573.5704328585578, 242.04899588216654, 0.0, 0.0, 1.0], "cam_R_w2c": [-0.514437198638916, 0.8293471336364746, -0.2180316150188446, 0.853891134262085, 0.4720288813114166, -0.21922294795513153, -0.07889469712972641, -0.2989516854286194, -0.9510013461112976], "cam_t_w2c": [-53.686058044433594, 355.4766540527344, 1170.4541015625], "depth_scale": 0.1},