{
  "cx": 325.2611083984375,
  "cy": 242.04899588216654,
  "depth_scale": 0.1,
  "fx": 572.411363389757,
  "fy": 573.5704328585578,
  "height": 480,
  "width": 640
}